split,machine,condition,source_auc,target_auc,pauc,hmean
Dev,ToyCar,wiener_rdp4|fps|ratio|1|updated,55.559999999999995,90.84,55.63157894736842,63.85379550715465
Dev,ToyCar,wiener_rdp4|fps|ratio|4|updated,50.7,91.67999999999999,56.78947368421052,62.18871004868727
Dev,ToyCar,wiener_rdp4|projected256_fps128|ratio|1|updated,51.78,91.74,54.10526315789473,61.60754192435608
Dev,ToyCar,wiener_rdp4|projected256_fps128|ratio|4|updated,48.980000000000004,92.46,55.00000000000001,60.71178190823727
Dev,ToyCarEmu,wiener_rdp4|fps|ratio|1|updated,58.14,88.44,52.0,62.84337029523582
Dev,ToyCarEmu,wiener_rdp4|fps|ratio|4|updated,64.88000000000001,90.38000000000001,51.368421052631575,65.29591933391096
Dev,ToyCarEmu,wiener_rdp4|projected256_fps128|ratio|1|updated,58.78,89.64,52.1578947368421,63.370183062146815
Dev,ToyCarEmu,wiener_rdp4|projected256_fps128|ratio|4|updated,64.7,90.60000000000001,51.63157894736842,65.41438818509722
Dev,bearingEmu,wiener_rdp4|fps|ratio|1|updated,70.96000000000001,68.67999999999999,62.31578947368421,67.11405897128337
Dev,bearingEmu,wiener_rdp4|fps|ratio|4|updated,73.08,67.7,62.05263157894737,67.30979664994585
Dev,bearingEmu,wiener_rdp4|projected256_fps128|ratio|1|updated,73.0,65.82000000000001,62.36842105263158,66.77746400971657
Dev,bearingEmu,wiener_rdp4|projected256_fps128|ratio|4|updated,73.7,67.36,62.578947368421055,67.57678829479025
Dev,fan,wiener_rdp4|fps|ratio|1|updated,74.06,61.58,57.42105263157895,63.61752191045977
Dev,fan,wiener_rdp4|fps|ratio|4|updated,70.58,61.24000000000001,56.15789473684211,62.10607723045045
Dev,fan,wiener_rdp4|projected256_fps128|ratio|1|updated,78.64,57.9,53.63157894736842,61.686428932411
Dev,fan,wiener_rdp4|projected256_fps128|ratio|4|updated,75.0,60.019999999999996,56.315789473684205,62.82530992404779
Dev,gearboxEmu,wiener_rdp4|fps|ratio|1|updated,78.18,78.46,57.684210526315795,69.9755629996646
Dev,gearboxEmu,wiener_rdp4|fps|ratio|4|updated,77.3,78.82000000000001,58.36842105263158,70.16510224883548
Dev,gearboxEmu,wiener_rdp4|projected256_fps128|ratio|1|updated,77.42,78.08,57.42105263157895,69.54239704110195
Dev,gearboxEmu,wiener_rdp4|projected256_fps128|ratio|4|updated,77.06,78.34,58.42105263157895,69.99714757994744
Dev,sliderEmu,wiener_rdp4|fps|ratio|1|updated,72.78,75.66000000000001,56.315789473684205,67.09297341560179
Dev,sliderEmu,wiener_rdp4|fps|ratio|4|updated,73.22,77.46,59.31578947368421,69.08259701111118
Dev,sliderEmu,wiener_rdp4|projected256_fps128|ratio|1|updated,74.28,76.7,58.94736842105264,69.02157639686861
Dev,sliderEmu,wiener_rdp4|projected256_fps128|ratio|4|updated,73.66,78.24,61.94736842105263,70.58854906650066
Dev,valveEmu,wiener_rdp4|fps|ratio|1|updated,89.62,93.72,70.21052631578948,83.1688824298336
Dev,valveEmu,wiener_rdp4|fps|ratio|4|updated,89.8,93.34,75.57894736842105,85.51741071884044
Dev,valveEmu,wiener_rdp4|projected256_fps128|ratio|1|updated,88.12,92.2,75.36842105263158,84.59686981400104
Dev,valveEmu,wiener_rdp4|projected256_fps128|ratio|4|updated,89.32,93.64,79.36842105263158,87.02117652783569
Eval,BlowerDustCollector,wiener_rdp4|fps|ratio|1|updated,78.86,85.52,71.94736842105263,78.38440302633897
Eval,BlowerDustCollector,wiener_rdp4|fps|ratio|4|updated,80.14,85.56,73.63157894736841,79.47652073832894
Eval,BlowerDustCollector,wiener_rdp4|projected256_fps128|ratio|1|updated,80.0,90.68,73.94736842105264,80.96964561393288
Eval,BlowerDustCollector,wiener_rdp4|projected256_fps128|ratio|4|updated,83.0,92.04,76.6842105263158,83.44104573247922
Eval,Sander,wiener_rdp4|fps|ratio|1|updated,81.42,67.12,56.78947368421052,66.97986355864349
Eval,Sander,wiener_rdp4|fps|ratio|4|updated,77.9,67.10000000000001,57.78947368421052,66.60111700734525
Eval,Sander,wiener_rdp4|projected256_fps128|ratio|1|updated,77.48,64.02,56.368421052631575,64.84088460453565
Eval,Sander,wiener_rdp4|projected256_fps128|ratio|4|updated,77.28,65.08,57.21052631578948,65.52369582355675
Eval,SewingMachine,wiener_rdp4|fps|ratio|1|updated,71.3,63.980000000000004,65.52631578947368,66.79108516340037
Eval,SewingMachine,wiener_rdp4|fps|ratio|4|updated,71.64,64.82,66.05263157894737,67.37717882165195
Eval,SewingMachine,wiener_rdp4|projected256_fps128|ratio|1|updated,71.76,68.10000000000001,65.3157894736842,68.29067737555198
Eval,SewingMachine,wiener_rdp4|projected256_fps128|ratio|4|updated,71.14,67.12,66.26315789473685,68.10934259715967
Eval,ToothBrush,wiener_rdp4|fps|ratio|1|updated,67.10000000000001,51.76,56.15789473684211,57.65903935121533
Eval,ToothBrush,wiener_rdp4|fps|ratio|4|updated,67.67999999999999,53.94,56.84210526315789,58.930848446680386
Eval,ToothBrush,wiener_rdp4|projected256_fps128|ratio|1|updated,68.5,50.86000000000001,54.21052631578947,56.918480330646204
Eval,ToothBrush,wiener_rdp4|projected256_fps128|ratio|4|updated,69.74000000000001,54.32,56.05263157894736,59.30169345162641
Eval,ToyDrone,wiener_rdp4|fps|ratio|1|updated,70.1,77.22,64.6842105263158,70.29865192725082
Eval,ToyDrone,wiener_rdp4|fps|ratio|4|updated,52.400000000000006,87.16000000000001,59.42105263157895,63.30960514748203
Eval,ToyDrone,wiener_rdp4|projected256_fps128|ratio|1|updated,70.56,80.76,67.52631578947368,72.52728306244846
Eval,ToyDrone,wiener_rdp4|projected256_fps128|ratio|4|updated,53.64,87.58,62.473684210526315,65.12158393291301
