split,machine,representation,anomaly_probe_auc,normal_domain_probe_auc,label_purity,domain_purity,normal_manifold_margin
Dev,ToyCar,near_mean,80.58,100.0,0.6355,1.0,0.5325378809893848
Dev,ToyCar,wiener_mean,82.46000000000001,100.0,0.6385,1.0,0.5524466338276387
Dev,ToyCar,wiener_rdp4,83.58,100.0,0.648,1.0,0.5674190792134632
Dev,ToyCarEmu,near_mean,78.08,99.52,0.6645,0.9805,0.03263160297107994
Dev,ToyCarEmu,wiener_mean,78.17999999999999,99.75999999999999,0.653,0.948,0.010191565070967109
Dev,ToyCarEmu,wiener_rdp4,77.75,99.6,0.654,0.9565,0.03963514818701875
Dev,bearingEmu,near_mean,65.95,49.8,0.551,0.5065,0.3518691223593682
Dev,bearingEmu,wiener_mean,70.09,50.84000000000001,0.58,0.502,0.3039198185424011
Dev,bearingEmu,wiener_rdp4,69.52,50.160000000000004,0.575,0.503,0.30073893897669396
Dev,fan,near_mean,67.49000000000001,91.44,0.5335,0.5725,0.11893383544273813
Dev,fan,wiener_mean,85.27,99.68,0.6215,0.7625,0.26601164094582747
Dev,fan,wiener_rdp4,84.81999999999998,99.72000000000001,0.625,0.7605,0.2647946938973142
Dev,gearboxEmu,near_mean,65.14000000000001,81.67999999999999,0.609,0.658,0.15228538444584497
Dev,gearboxEmu,wiener_mean,74.04,81.24000000000001,0.6515,0.7065,0.2072518996777104
Dev,gearboxEmu,wiener_rdp4,73.99,81.32,0.6505,0.713,0.209334993288448
Dev,sliderEmu,near_mean,68.52000000000001,75.24,0.5725,0.6135,-0.10652262673112443
Dev,sliderEmu,wiener_mean,77.27,72.12,0.6225,0.63,0.007547575312745113
Dev,sliderEmu,wiener_rdp4,77.96000000000001,70.76,0.628,0.627,-0.01616621916686095
Dev,valveEmu,near_mean,78.10999999999999,79.03999999999999,0.7,0.651,0.04011141653385505
Dev,valveEmu,wiener_mean,89.07,82.2,0.893,0.792,0.11044827369912733
Dev,valveEmu,wiener_rdp4,89.17,82.64,0.897,0.79,0.1541728113585393
Eval,BlowerDustCollector,near_mean,99.92999999999999,89.84,0.861,0.6495,0.6169331923854608
Eval,BlowerDustCollector,wiener_mean,99.94,94.64,0.889,0.7005,0.9366305017014488
Eval,BlowerDustCollector,wiener_rdp4,99.94,94.84,0.887,0.695,0.9484570933178802
Eval,Sander,near_mean,67.47,72.84,0.5275,0.55,-0.08000858626612094
Eval,Sander,wiener_mean,72.45,82.36,0.557,0.616,0.025222373451177397
Eval,Sander,wiener_rdp4,72.00000000000001,82.28,0.5535,0.622,0.022771727179544305
Eval,SewingMachine,near_mean,68.08999999999999,68.32000000000001,0.5545,0.555,0.38514648503973226
Eval,SewingMachine,wiener_mean,70.08,75.84,0.601,0.599,0.44865745356161874
Eval,SewingMachine,wiener_rdp4,70.46,75.99999999999999,0.6045,0.6015,0.4729847557361562
Eval,ToothBrush,near_mean,65.33,77.8,0.6655,0.7305,-0.31783256137859284
Eval,ToothBrush,wiener_mean,76.58,88.0,0.691,0.764,-0.11840125152424985
Eval,ToothBrush,wiener_rdp4,76.35,87.44,0.6945,0.768,-0.05568012416747912
Eval,ToyDrone,near_mean,73.46000000000001,100.0,0.607,1.0,0.6163606095065712
Eval,ToyDrone,wiener_mean,72.57000000000001,100.0,0.6295,1.0,0.8320631208199198
Eval,ToyDrone,wiener_rdp4,72.76,100.0,0.631,1.0,0.7804340772929432
