split,machine,left,right,linear_cka,knn10_overlap
Dev,ToyCar,near_mean,wiener_mean,0.98774009896095,0.8505000000000001
Dev,ToyCar,wiener_mean,wiener_rdp4,0.9968776595498142,0.9265000000000001
Dev,ToyCarEmu,near_mean,wiener_mean,0.9461450664511908,0.7595000000000001
Dev,ToyCarEmu,wiener_mean,wiener_rdp4,0.9981003174883009,0.9365000000000002
Dev,bearingEmu,near_mean,wiener_mean,0.9205750548462802,0.7169999999999999
Dev,bearingEmu,wiener_mean,wiener_rdp4,0.9958010876887252,0.8955000000000001
Dev,fan,near_mean,wiener_mean,0.8186391201504222,0.5409999999999999
Dev,fan,wiener_mean,wiener_rdp4,0.9994931024411823,0.9625
Dev,gearboxEmu,near_mean,wiener_mean,0.9364052348822132,0.7265
Dev,gearboxEmu,wiener_mean,wiener_rdp4,0.9997763049888854,0.9640000000000001
Dev,sliderEmu,near_mean,wiener_mean,0.9155114493421033,0.725
Dev,sliderEmu,wiener_mean,wiener_rdp4,0.9960091749753955,0.9325
Dev,valveEmu,near_mean,wiener_mean,0.5725851709202655,0.34149999999999997
Dev,valveEmu,wiener_mean,wiener_rdp4,0.998764674808425,0.9565
Eval,BlowerDustCollector,near_mean,wiener_mean,0.931828162845967,0.7465
Eval,BlowerDustCollector,wiener_mean,wiener_rdp4,0.9982053873479567,0.9475
Eval,Sander,near_mean,wiener_mean,0.8267900083065521,0.5844999999999999
Eval,Sander,wiener_mean,wiener_rdp4,0.9989110664184812,0.932
Eval,SewingMachine,near_mean,wiener_mean,0.89658137733084,0.616
Eval,SewingMachine,wiener_mean,wiener_rdp4,0.9990423004654708,0.9530000000000001
Eval,ToothBrush,near_mean,wiener_mean,0.8758736170268617,0.545
Eval,ToothBrush,wiener_mean,wiener_rdp4,0.996230526414632,0.9115000000000001
Eval,ToyDrone,near_mean,wiener_mean,0.9792465310896369,0.7575
Eval,ToyDrone,wiener_mean,wiener_rdp4,0.9989016484507068,0.9170000000000001
