split,machine,left,right,normal_mean_distance_change,anomaly_mean_distance_change,selective_change
Dev,ToyCar,near_mean,wiener_mean,0.00184993365693092,0.002283872794197058,0.00043393913726613807
Dev,ToyCar,wiener_mean,wiener_rdp4,-0.0009793692098139669,-0.0015398924013445769,-0.00056052319153061
Dev,ToyCarEmu,near_mean,wiener_mean,0.0006984744173045624,0.0005905808547047485,-0.00010789356259981381
Dev,ToyCarEmu,wiener_mean,wiener_rdp4,-0.0005102693148819698,-0.00037410397388570974,0.00013616534099626009
Dev,bearingEmu,near_mean,wiener_mean,-0.004328345474765104,-0.005272747376574683,-0.0009444019018095794
Dev,bearingEmu,wiener_mean,wiener_rdp4,-0.0003276777051299903,-0.0003590776319967768,-3.139992686678649e-05
Dev,fan,near_mean,wiener_mean,0.0005248408969570148,0.0011994170180892356,0.0006745761211322208
Dev,fan,wiener_mean,wiener_rdp4,4.6676595019929655e-05,4.4918101652671875e-05,-1.7584933672577796e-06
Dev,gearboxEmu,near_mean,wiener_mean,-0.007031120706109188,-0.006765621924949339,0.0002654987811598489
Dev,gearboxEmu,wiener_mean,wiener_rdp4,0.00019881305307895266,0.00021492765880850765,1.611460572955499e-05
Dev,sliderEmu,near_mean,wiener_mean,-0.0012049737902240522,-0.0005989633651470417,0.0006060104250770105
Dev,sliderEmu,wiener_mean,wiener_rdp4,0.00035288836533493677,0.000253486436186462,-9.940192914847479e-05
Dev,valveEmu,near_mean,wiener_mean,0.005799469896986447,0.006178084593186735,0.0003786146962002886
Dev,valveEmu,wiener_mean,wiener_rdp4,0.000476415427254362,0.0006773869705225707,0.00020097154326820872
Eval,BlowerDustCollector,near_mean,wiener_mean,-0.0018188279771149951,-0.0006637713596679295,0.0011550566174470655
Eval,BlowerDustCollector,wiener_mean,wiener_rdp4,0.00014966453371450633,0.00012828789067932423,-2.1376643035182102e-05
Eval,Sander,near_mean,wiener_mean,-0.006463373764366402,-0.0048092533884389645,0.0016541203759274379
Eval,Sander,wiener_mean,wiener_rdp4,3.297435749475636e-05,-8.786508299127374e-06,-4.176086579388374e-05
Eval,SewingMachine,near_mean,wiener_mean,0.0006992271206124706,0.0012716222270150507,0.0005723951064025801
Eval,SewingMachine,wiener_mean,wiener_rdp4,6.474155565829385e-05,0.0002573719956562343,0.00019263043999794048
Eval,ToothBrush,near_mean,wiener_mean,0.0023479570775890852,0.002780993511014407,0.0004330364334253216
Eval,ToothBrush,wiener_mean,wiener_rdp4,0.0006762039017134649,0.0008378058872549096,0.00016160198554144472
Eval,ToyDrone,near_mean,wiener_mean,0.0009656792002997804,0.002041683994931198,0.0010760047946314177
Eval,ToyDrone,wiener_mean,wiener_rdp4,-0.00109690822982762,-0.0017291338474556405,-0.0006322256176280205
